longitude	revision	location	QoS	station	latitude
-5.22126	2024/06/30	Africa/Casablanca	excellent	Azrou	33.43443
60.8019	04/26/2024, 00:00:00	Asia/Yekaterinburg	good	Beryozovsky	56.9083
-4.22398	29 Nov 2018	Europe/London	acceptable	Inverness	57.47908
-156.47432	2016-08-31	Pacific/Honolulu	excellent	Kahului	20.88953
117.7	20 Mar 2025	Asia/Shanghai	acceptable	Dongdu	35.85
103.65309	2024/06/02	Asia/Bangkok	excellent	Roi Et	16.0567
71.57118	2021-12-23	Asia/Karachi	excellent	Daud Khel	32.87533
-93.75018	10/10/2021, 00:00:00	America/Chicago	good	Shreveport	32.52515
4.62744	17 Jul 2021	Africa/Algiers	good	El Achir	36.06386
99.95469	10/02/2024, 00:00:00	Asia/Bangkok	good	Damnoen Saduak	13.51825
75.11937	2018-12-26	Asia/Kolkata	good	Parola	20.88098
75.96976	01/13/2016, 00:00:00	Asia/Kolkata	excellent	Gajendragarh	15.73628
-111.90466	08/16/2016, 00:00:00	America/Denver	maintenance	Saratoga Springs	40.34912
14.72443	11 Nov 2016	Europe/Rome	good	Ragusa	36.92574
123.50266	2019/04/06	Asia/Shanghai	excellent	Hushitai	41.94175
4.25633	2017/04/28	Europe/Brussels	good	Beveren	51.21187
-1.05366	2021-11-07	Europe/Paris	good	Dax	43.71032
-111.90466	2018/09/17	America/Denver	good	Saratoga Springs	40.34912
-50.00639	2018-10-12	America/Sao_Paulo	excellent	Palmeira	-25.42944
-63.90389	27 Oct 2022	America/Porto_Velho	maintenance	Porto Velho	-8.76194
-43.80139	27 May 2017	America/Sao_Paulo	good	Itabirito	-20.25333
100.24529	04/27/2017, 00:00:00	Asia/Kuala_Lumpur	excellent	Batu Feringgi	5.4709
-38.94722	09/27/2016, 00:00:00	America/Bahia	good	Canavieiras	-15.675
-78.87836	2019-08-13	America/New_York	good	Fayetteville	35.05266
28.88222	17 Jun 2016	Europe/Istanbul	good	Mudanya	40.37528
74.80555	2016-06-03	Asia/Kolkata	excellent	Srinagar	34.08565
-87.66561	08 Jan 2018	America/Chicago	good	Lower West Side	41.8542
13.610242	2021/03/24	Europe/Prague	good	Litvínov	50.598427
-1.60452	2021/12/21	Europe/Madrid	good	Tudela	42.06166
-113.3187	29 Dec 2017	America/Edmonton	good	Sherwood Park	53.51684
127.08472	2023-07-06	Asia/Seoul	good	Nonsan	36.20389
14.418540	2019-01-24	Europe/Prague	good	Praha	50.073658
-122.38731	2017/12/20	America/Los_Angeles	good	Troutdale	45.53929
-88.31476	2017/11/08	America/Chicago	excellent	Murray	36.61033
-77.03116	2024/08/30	America/Bogota	acceptable	Buenaventura	3.8801
109.05389	10/23/2020, 00:00:00	Asia/Jakarta	maintenance	Wangon	-7.51611
85.83636	31 May 2017	Asia/Kolkata	good	Dalsingh Sarai	25.66795
-87.882	2016/09/27	America/Chicago	good	Westchester	41.85059
-41.88778	04 Oct 2020	America/Sao_Paulo	acceptable	Itaperuna	-21.205
138.89585	2022/09/29	Asia/Tokyo	good	Annaka	36.33011
123.17306	29 Dec 2024	Asia/Shanghai	good	Liaoyang	41.27194
122.20488	2025/03/15	Asia/Shanghai	excellent	Zhoushan	29.98869
19.27498	2019/12/04	Europe/Warsaw	excellent	Jaworzno	50.20528
68.11759	31 Mar 2017	Asia/Karachi	acceptable	Tharu Shah	26.9423
78.27539	21 Mar 2022	Asia/Kolkata	excellent	Robertsonpet	12.95629
-9.24671	2018/08/24	Europe/Lisbon	good	Carnaxide	38.72706
-60.47389	2020/01/26	America/Argentina/Buenos_Aires	good	Chacabuco	-34.64167
122.22833	21 Jul 2023	Asia/Shanghai	good	Yingkou	40.66482
88.58	12/24/2017, 00:00:00	Asia/Kolkata	excellent	Aistala	23.18
10.03988	08/16/2019, 00:00:00	Europe/Berlin	good	Barmbek-Nord	53.6052
-4.22398	2023-08-27	Europe/London	excellent	Inverness	57.47908
2.95924	2020/10/26	Africa/Algiers	excellent	Cheraga	36.76775
85.37752	2022/09/15	Asia/Kolkata	excellent	Barbil	22.10194
51.67462	06/06/2017, 00:00:00	Asia/Tehran	acceptable	Isfahan	32.65246
-93.71133	17 Apr 2016	America/Chicago	maintenance	West Des Moines	41.57721
8.64409	2025/08/22	Europe/Berlin	acceptable	Trossingen	48.07667
34.34691	2018/04/30	Europe/Moscow	good	Petrozavodsk	61.78491
-60.94228	08/23/2019, 00:00:00	America/Martinique	maintenance	Le Robert	14.67751
12.53463	06/16/2016, 00:00:00	Europe/Copenhagen	good	Frederiksberg	55.67938
38.28402	2025-01-20	Asia/Damascus	acceptable	Tadmur	34.5624
111.50861	09 Mar 2019	Asia/Shanghai	good	Danjiangkou	32.54278
-85.43772	2019-10-11	America/Costa_Rica	acceptable	Liberia	10.63504
-83.2321	2019/05/05	America/New_York	excellent	Milledgeville	33.08014
67.84222	2019-11-26	Asia/Samarkand	good	Jizzax	40.11583
123.89071	09/29/2016, 00:00:00	Asia/Manila	good	Cebu City	10.31672
74.3092	06/22/2024, 00:00:00	Asia/Kolkata	acceptable	Rajaori	33.37526
9.5926	12/30/2016, 00:00:00	Europe/Berlin	good	Walsrode	52.86147
-81.23621	2024-02-29	America/New_York	good	Lexington	33.98154
135.31667	10/11/2018, 00:00:00	Asia/Tokyo	good	Iwade	34.25
-2.98333	02/12/2020, 00:00:00	Europe/London	good	Poulton-le-Fylde	53.83333
97.01124	2015/12/16	Asia/Yangon	acceptable	Kyaikto	17.30858
26.01649	08/01/2019, 00:00:00	Europe/Bucharest	maintenance	Sector 6	44.43579
34.02537	2020-12-27	Europe/Istanbul	good	Aksaray	38.37255
38.15035	07/30/2023, 00:00:00	Europe/Zaporozhye	excellent	Svatove	49.41029
7.973	2020/11/08	Europe/Berlin	good	Finnentrop	51.168
34.34691	06 Aug 2019	Europe/Moscow	acceptable	Petrozavodsk	61.78491
-0.36053	08/03/2016, 00:00:00	Europe/London	excellent	Bushey	51.64316
-97.50417	2023-08-03	America/Matamoros	excellent	Heroica Matamoros	25.87972
31.3237	11 Jun 2022	Europe/Minsk	good	Dobrush	52.4089
-46.99583	2016-03-09	America/Sao_Paulo	good	Valinhos	-22.97056
53.26023	2020/10/04	Europe/Moscow	excellent	Bavly	54.39304
125.21972	07/26/2017, 00:00:00	Asia/Dili	acceptable	Maliana	-8.99167
117.7	2015/12/07	Asia/Shanghai	good	Dongdu	35.85
6.26764	09/30/2018, 00:00:00	Africa/Lagos	maintenance	Yenagoa	4.92675
123.50266	11 Oct 2015	Asia/Shanghai	excellent	Hushitai	41.94175
-75.11028	07/17/2022, 00:00:00	America/Lima	good	Minas de Marcona	-15.21194
69.01354	07/13/2023, 00:00:00	Asia/Dushanbe	acceptable	Vahdat	38.55632
14.51472	2019-05-16	Europe/Malta	good	Valletta	35.89972
103.65309	2018-02-07	Asia/Bangkok	good	Roi Et	16.0567
-91.77127	2022-04-24	America/Chicago	good	Rolla	37.95143
-4.10734	2020-01-07	Europe/Madrid	good	Puertollano	38.68712
35.7	01/02/2024, 00:00:00	Africa/Dar_es_Salaam	excellent	Iringa	-7.76667
72.54064	03/23/2022, 00:00:00	Asia/Karachi	good	Sillanwali	31.82539
-42.98194	03/09/2018, 00:00:00	America/Sao_Paulo	good	Guapimirim	-22.53722
2.29275	2019-02-05	Europe/Paris	excellent	Fontenay-aux-Roses	48.79325
101.18445	07 Oct 2023	Asia/Bangkok	good	Phanat Nikhom	13.44581
-5.22126	2024/06/09	Africa/Casablanca	excellent	Azrou	33.43443
26.97253	2018/05/08	Europe/Kyiv	maintenance	Krasyliv	49.65186
2.35739	14 May 2018	Europe/Madrid	good	Cardedeu	41.63976
7.11393	2017/01/27	Europe/Berlin	good	Burscheid	51.08468
126.665	2025/05/17	Asia/Seoul	excellent	Hongseong	36.6009
-63.13414	2019-03-13	America/Halifax	good	Charlottetown	46.23899
-3.59625	2024/02/16	Africa/Abidjan	maintenance	Bonoua	5.27247
-60.1831	23 May 2019	America/Glace_Bay	good	Sydney	46.1351
-95.30106	01 Dec 2015	America/Chicago	good	Tyler	32.35126
9.17702	2017/02/04	Europe/Berlin	good	Stuttgart	48.78232
100.48528	19 Jan 2018	Asia/Bangkok	excellent	Bang Ban	14.37395
2.08333	02/24/2016, 00:00:00	Europe/Paris	good	Marly-le-Roi	48.86667
99.95469	2020-01-05	Asia/Bangkok	good	Damnoen Saduak	13.51825
30.38167	21 Feb 2024	Europe/Moscow	good	Shushary	59.80917
-0.74934	2016-12-20	Europe/London	good	High Wycombe	51.62907
5.22778	2025-01-10	Europe/Amsterdam	excellent	Culemborg	51.955
133.42825	03 Sep 2019	Asia/Vladivostok	excellent	Lesozavodsk	45.47885
-117.71978	12/05/2018, 00:00:00	America/Los_Angeles	good	Claremont	34.09668
24.6522	2024/04/10	Europe/Helsinki	acceptable	Espoo	60.2052
9.22796	29 Aug 2018	Europe/Berlin	good	Pfullingen	48.46458
0.30367	22 Jul 2017	Europe/London	good	Hartley	51.38673
4.69889	2024-08-25	Europe/Brussels	good	Gembloux	50.56149
-53.13722	2024-09-19	America/Sao_Paulo	good	Loanda	-22.92306
2.1699	06/24/2016, 00:00:00	Europe/Paris	excellent	Herblay	48.98994
-119.27337	2022/02/05	America/Vancouver	good	Vernon	50.26729
-74.95472	03/19/2025, 00:00:00	America/Bogota	good	Puerto Colombia	10.98778
-74.07764	21 Feb 2016	America/New_York	excellent	Jersey City	40.72816
-63.90389	14 Jun 2024	America/Porto_Velho	excellent	Porto Velho	-8.76194
-102.36764	2022-06-08	America/Chicago	good	Odessa	31.84568
109.3243	2017-05-04	Asia/Jakarta	excellent	Randudongkal	-7.0981
120.89694	08/31/2021, 00:00:00	Asia/Manila	excellent	Baliuag	14.95472
39.28333	2021/06/23	Africa/Dar_es_Salaam	excellent	Nyangao	-10.33333
30.4347	06 Jun 2019	Africa/Kigali	acceptable	Rwamagana	-1.9487
-58.70072	01 Sep 2017	America/Argentina/Buenos_Aires	good	Pontevedra	-34.74785
7.973	2021-12-14	Europe/Berlin	excellent	Finnentrop	51.168
110.71639	08/05/2020, 00:00:00	Asia/Jakarta	acceptable	Ngemplak	-7.54972
18.262524	2017/02/06	Europe/Prague	excellent	Ostrava	49.820923
-43.80139	05/06/2024, 00:00:00	America/Sao_Paulo	excellent	Itabirito	-20.25333
77.9129	25 Aug 2016	Asia/Kolkata	good	Narwar	25.6439
16.606836	06/02/2016, 00:00:00	Europe/Prague	good	Brno	49.195061
29.47306	27 Dec 2020	Africa/Lubumbashi	excellent	Beni	0.49113
16.606836	2025-07-24	Europe/Prague	good	Brno	49.195061
16.606836	30 Mar 2016	Europe/Prague	excellent	Brno	49.195061
104.1451	2019-01-06	Asia/Bangkok	good	Yasothon	15.79408
6.8625	29 Dec 2019	Europe/Berlin	good	Oberhausen	51.47805
130.57211	10/24/2022, 00:00:00	Asia/Shanghai	good	Boli	45.75279
30.4347	08/02/2022, 00:00:00	Africa/Kigali	excellent	Rwamagana	-1.9487
107.60627	03/01/2022, 00:00:00	Asia/Irkutsk	good	Ulan-Ude	51.82721
-0.91979	2024-12-22	Europe/London	good	Lower Earley	51.42708
-87.71255	04/03/2017, 00:00:00	America/Chicago	maintenance	South Lawndale	41.84364
1.26738	08/25/2016, 00:00:00	Europe/London	acceptable	Walton-on-the-Naze	51.84819
-0.36053	2016-06-04	Europe/London	maintenance	Bushey	51.64316
-93.11308	2025-04-21	America/Mexico_City	acceptable	Tuxtla	16.75973
-51.87389	2023-07-05	America/Sao_Paulo	good	Sarandi	-23.44361
-0.32247	2017/04/13	Europe/London	good	Lancing	50.82882
-93.71133	2020-12-11	America/Chicago	excellent	West Des Moines	41.57721
8.52462	10/29/2022, 00:00:00	Europe/Zurich	good	Adliswil	47.30997
39.28333	2025/01/19	Africa/Dar_es_Salaam	excellent	Nyangao	-10.33333
-98.1664	2021-07-09	America/Mexico_City	excellent	Contla	19.32932
-97.54667	12/04/2021, 00:00:00	America/Chicago	good	Hutto	30.5427
3.55665	2016/02/25	Africa/Algiers	good	Thenia	36.72544
46.58333	2020/05/23	Indian/Antananarivo	excellent	Ikalamavony	-21.15
-48.67028	2019-09-15	America/Sao_Paulo	good	Imbituba	-28.24
100.48528	2024-10-24	Asia/Bangkok	acceptable	Bang Ban	14.37395
4.8951	2025/02/20	Europe/Paris	good	Valence	44.92801
-88.64235	2021/05/24	America/Menominee	excellent	Iron River	46.09273
0.93333	11/24/2015, 00:00:00	Europe/London	good	East Dereham	52.68333
-93.263	2020/04/22	America/Chicago	good	Columbia Heights	45.0408
-82.42491	2016/05/14	America/Detroit	acceptable	Port Huron	42.97086
-73.02841	03 Feb 2023	America/Santiago	excellent	Chiguayante	-36.9256
7.60872	25 May 2018	Europe/Rome	good	Ventimiglia	43.78956
-0.45877	2017/11/09	Europe/Paris	acceptable	Niort	46.32313
8.62118	05 Sep 2022	Europe/Rome	acceptable	Novara	45.44694
9.15013	08 Dec 2017	Africa/Niamey	good	Mirriah	13.70727
-0.91979	2022/11/30	Europe/London	excellent	Lower Earley	51.42708
72.93924	03 Mar 2023	Asia/Kolkata	excellent	Uran	18.87813
31.33078	13 Feb 2019	Europe/Kyiv	good	Voznesensk	47.56494
76.32756	06/03/2019, 00:00:00	Asia/Kolkata	good	Kalavoor	9.57046
-7.35	2024/10/23	Europe/Dublin	good	An Muileann gCearr	53.53333
-104.83192	02/21/2022, 00:00:00	America/Denver	good	Aurora	39.72943
31.3237	2021/03/08	Europe/Minsk	good	Dobrush	52.4089
4.07601	17 Jan 2021	Europe/Brussels	good	Denderleeuw	50.88506
72.68533	2024/12/14	Asia/Kolkata	acceptable	Kheda	22.75218
-79.00453	2017/07/15	America/Guayaquil	acceptable	Cuenca	-2.90055
-96.67834	2017-07-14	America/Chicago	good	Ada	34.77453
6.26764	2023/05/06	Africa/Lagos	acceptable	Yenagoa	4.92675
73.08333	02/20/2016, 00:00:00	Asia/Kolkata	acceptable	Dombivli	19.21667
98.19151	09/12/2025, 00:00:00	Asia/Yangon	acceptable	Dawei	14.0823
74.12286	2016/06/10	Asia/Karachi	good	Kanganpur	30.76468
-82.35176	02/04/2021, 00:00:00	America/New_York	acceptable	Sun City Center	27.71809
9.0027	2025/09/07	Africa/Lagos	good	Gaya	11.86064
73.08333	08/26/2018, 00:00:00	Asia/Kolkata	good	Dombivli	19.21667
21.32778	04/03/2024, 00:00:00	Europe/Skopje	good	Saraj	42
-89.66123	10/03/2020, 00:00:00	America/Merida	good	Progreso	21.28306
43.2379	13 Dec 2024	Europe/Volgograd	good	Mikhaylovka	50.06
11.32903	2019/05/11	Europe/Berlin	good	Weimar	50.9803
25.8191	15 Apr 2021	Europe/Minsk	acceptable	Novogrudok	53.5942
16.606836	2025-01-19	Europe/Prague	good	Brno	49.195061
83.62389	2015/12/01	Asia/Barnaul	good	Novosilikatnyy	53.30972
113.69785	2015-10-24	Asia/Jakarta	good	Besuki	-7.73379
0.47713	07/12/2023, 00:00:00	Europe/London	maintenance	Strood	51.39323
51.49621	19 May 2025	Asia/Tehran	good	Nowshahr	36.64852
14.150558	2018-05-06	Europe/Prague	good	Terezín	50.511002
-95.30106	2022/06/12	America/Chicago	excellent	Tyler	32.35126
136.84186	2020/02/14	Asia/Tokyo	good	Toba	34.4833
-72.27814	08/10/2017, 00:00:00	America/New_York	good	Keene	42.93369
-75.69947	14 Sep 2024	America/Bogota	good	San Carlos	8.79577
-38.79084	2024/07/28	America/Bahia	good	Tucano	-10.95817
77.656	21 May 2021	Asia/Kolkata	maintenance	Pilkhua	28.71271
106.88324	2020-10-21	Asia/Ulaanbaatar	excellent	Ulan Bator	47.90771
-123.02621	28 Mar 2025	America/Los_Angeles	good	Keizer	44.99012
-66.8499	2025-06-23	America/Puerto_Rico	good	Yauco	18.03496
74.83554	04/19/2023, 00:00:00	Asia/Kolkata	good	Sirsi	14.62072
-59.13316	2017/04/11	America/Argentina/Buenos_Aires	acceptable	Tandil	-37.32167
139.07204	25 Apr 2025	Asia/Tokyo	maintenance	Fujioka	36.24624
3.64633	03 Jul 2023	Africa/Lagos	excellent	Shagamu	6.8485
75.06583	2018/03/01	Asia/Karachi	excellent	Fazilpur	32.17629
18.262524	02 May 2020	Europe/Prague	good	Ostrava	49.820923
-4.22398	11 Sep 2021	Europe/London	good	Inverness	57.47908
11.32903	07/22/2021, 00:00:00	Europe/Berlin	good	Weimar	50.9803
0.57856	07/03/2023, 00:00:00	Europe/Madrid	good	Amposta	40.70995
77.0202	2017-02-13	Asia/Almaty	excellent	Otegen Batyra	43.41949
-73.99681	2025/03/02	America/New_York	good	Dumont	40.94065
13.44275	09 Oct 2023	Europe/Rome	excellent	Villabate	38.07789
117.81667	09/28/2024, 00:00:00	Asia/Shanghai	good	Zhoucun	36.81667
5.23333	08 Jan 2016	Europe/Amsterdam	good	Zeist	52.09
-100.44843	2019/08/06	America/Mexico_City	acceptable	Santa Rosa Jauregui	20.74122
74.3092	2019-03-23	Asia/Kolkata	excellent	Rajaori	33.37526
-98.15529	2015-11-12	America/Chicago	excellent	San Juan	26.18924
8.86374	12/11/2017, 00:00:00	Europe/Rome	excellent	Tortona	44.89784
-3.59625	02 Jan 2020	Africa/Abidjan	good	Bonoua	5.27247
-82.46148	2015/10/15	America/New_York	acceptable	Lutz	28.15112
2.1699	10/30/2021, 00:00:00	Europe/Paris	excellent	Herblay	48.98994
-1.48119	01/25/2018, 00:00:00	Europe/London	excellent	Belper	53.0233
17.4674	26 Sep 2019	Europe/Warsaw	maintenance	Brzeg	50.86079
18.28333	2024-08-24	Europe/Stockholm	good	Boo	59.33333
-89.99038	2017-03-21	America/Chicago	excellent	Fairview Heights	38.58894
4.69889	11/02/2022, 00:00:00	Europe/Brussels	good	Gembloux	50.56149
9.02596	2016-01-07	Europe/Berlin	good	Albstadt	48.21644
33.34864	12/06/2023, 00:00:00	Europe/Kyiv	excellent	Nova Kakhovka	46.75451
-73.81669	2023/05/22	America/Toronto	good	Pointe-Claire	45.44868
112.19028	10/14/2022, 00:00:00	Asia/Shanghai	maintenance	Jingzhou	30.35028
-56.52361	2023/03/30	America/Montevideo	good	Durazno	-33.38056
106.85417	2017/09/28	Asia/Jakarta	excellent	Cibinong	-6.48167
-59.13316	14 Mar 2025	America/Argentina/Buenos_Aires	excellent	Tandil	-37.32167
122.9666	2020/10/18	Asia/Manila	excellent	Talisay	10.7375
-0.91979	2016/03/26	Europe/London	good	Lower Earley	51.42708
-73.78458	07/09/2019, 00:00:00	America/New_York	acceptable	Scarsdale	41.0051
-113.3187	28 Nov 2021	America/Edmonton	excellent	Sherwood Park	53.51684
120.5875	30 Jan 2020	Asia/Manila	excellent	La Trinidad	16.455
-88.81395	04/14/2017, 00:00:00	America/Chicago	acceptable	Jackson	35.61452
-82.35176	2020-05-21	America/New_York	acceptable	Sun City Center	27.71809
-88.64235	2016-05-22	America/Menominee	good	Iron River	46.09273
-73.95958	05 Dec 2017	America/New_York	excellent	Brighton Beach	40.57788
30.96755	30 Mar 2022	Europe/Kyiv	good	Zvenihorodka	49.07866
11.34046	2017-06-12	Europe/Berlin	good	Rudolstadt	50.72043
9.40531	31 Jan 2025	Europe/Rome	excellent	Gorgonzola	45.53069
-73.20483	27 Oct 2024	America/New_York	excellent	Bridgeport	41.16704
-113.3187	2017-04-15	America/Edmonton	excellent	Sherwood Park	53.51684
-105.11221	30 Apr 2024	America/Denver	good	Ken Caryl	39.57582
-70.6996	04/06/2018, 00:00:00	America/Santiago	good	San Bernardo	-33.59217
47.3799	2022/04/29	Asia/Tehran	excellent	Darreh Shahr	33.14447
-5.53715	2025-01-28	Europe/London	excellent	Penzance	50.11861
77.23826	14 Jul 2022	Asia/Kolkata	good	Sathyamangalam	11.50526
-97.35992	10/18/2021, 00:00:00	America/Mexico_City	acceptable	Teziutlan	19.8173
117.65694	2023-07-23	Asia/Shanghai	good	Laiwu	36.19278
72.54566	07/06/2021, 00:00:00	Asia/Karachi	good	Hasilpur	29.69221
-117.14392	2020-03-11	America/Los_Angeles	excellent	Mira Mesa	32.9156
-59.13316	2017/07/19	America/Argentina/Buenos_Aires	good	Tandil	-37.32167
9.40531	2018/11/29	Europe/Rome	acceptable	Gorgonzola	45.53069
2.45012	04 Dec 2015	Europe/Paris	good	Bobigny	48.90982
78.15794	2016/07/11	Asia/Kolkata	excellent	Dharmapuri	12.1277
120.97844	13 May 2019	Asia/Manila	maintenance	Guyong	14.8361
15.00835	2018/03/21	Europe/Warsaw	good	Zgorzelec	51.14942
-116.37697	2025/09/03	America/Los_Angeles	acceptable	Palm Desert	33.72255
-113.3187	08/07/2017, 00:00:00	America/Edmonton	excellent	Sherwood Park	53.51684
-1.325	02/15/2019, 00:00:00	Europe/Madrid	good	Jumilla	38.47917
10.58082	11 Dec 2023	Africa/Tunis	good	Msaken	35.72917
-102.36764	21 Sep 2023	America/Chicago	good	Odessa	31.84568
77.54372	02/11/2024, 00:00:00	Asia/Kolkata	excellent	Periyakulam	10.12268
8.64409	02 Jan 2020	Europe/Berlin	good	Trossingen	48.07667
4.92235	11/23/2019, 00:00:00	Africa/Lagos	good	Efon-Alaaye	7.65649
-73.20483	03/24/2016, 00:00:00	America/New_York	good	Bridgeport	41.16704
34.86563	2019-11-13	Asia/Jerusalem	excellent	Ramla	31.92923
39.8302	02/15/2022, 00:00:00	Europe/Moscow	good	Severodvinsk	64.5635
142.45778	2025-03-06	Asia/Tokyo	good	Nayoro	44.35056
-4.22398	2020-05-01	Europe/London	excellent	Inverness	57.47908
-122.38731	2022/04/15	America/Los_Angeles	excellent	Troutdale	45.53929
42.7125	23 Apr 2025	Africa/Djibouti	excellent	'Ali Sabieh	11.15583
111.73861	06/17/2021, 00:00:00	Asia/Shanghai	good	Changzhi	35.20889
-3.52751	07/13/2019, 00:00:00	Europe/London	good	Exeter	50.7236
5.4584	05/09/2024, 00:00:00	Europe/Paris	excellent	Les Olives	43.32393
-105.36369	2016/04/06	America/Mazatlan	good	Acaponeta	22.49396
-91.11667	10/23/2021, 00:00:00	America/Guatemala	good	Chichicastenango	14.93333
-76.51552	2018/04/30	America/New_York	acceptable	Rosedale	39.32011
9.47629	01 Nov 2015	Europe/Berlin	good	Stade	53.59337
-87.45476	11 Aug 2021	America/Chicago	good	Schererville	41.47892
14.01481	11/18/2020, 00:00:00	Europe/Rome	good	Roseto degli Abruzzi	42.67164
71.52847	05/17/2024, 00:00:00	Asia/Karachi	excellent	Mianwali	32.57756
45.36561	10 Nov 2021	Asia/Baku	excellent	Qazax	41.09246
24.71204	23 Jan 2021	Europe/Sofia	good	Smolyan	41.57439
117.7	2025-04-17	Asia/Shanghai	acceptable	Dongdu	35.85
77.70636	05/18/2023, 00:00:00	Asia/Kolkata	acceptable	Meerut	28.98002
12.19458	02/06/2024, 00:00:00	Africa/Lagos	good	Biu	10.61285
-103.42897	2017-05-15	America/Mexico_City	good	Jocotepec	20.28527
76.03889	2017-08-24	Asia/Kolkata	good	Osmanabad	18.18158
-8.53778	2020-11-19	Africa/Monrovia	good	New Yekepa	7.57944
73.08333	03 Jul 2017	Asia/Kolkata	maintenance	Dombivli	19.21667
115.88782	07/19/2021, 00:00:00	Australia/Perth	good	Willetton	-32.05251
-1.06667	2019-05-15	Europe/London	good	Selby	53.78333
73.85535	08 Feb 2025	Asia/Kolkata	maintenance	Pune	18.51957
51.67462	05/11/2020, 00:00:00	Asia/Tehran	good	Isfahan	32.65246
4.07601	02/23/2025, 00:00:00	Europe/Brussels	excellent	Denderleeuw	50.88506
-39.25	04/09/2016, 00:00:00	America/Bahia	acceptable	Muritiba	-12.91667
13.44275	2016-11-01	Europe/Rome	excellent	Villabate	38.07789
83.62389	22 Feb 2018	Asia/Barnaul	maintenance	Novosilikatnyy	53.30972
99.89166	2020-08-18	Asia/Bangkok	good	Thap Than	15.46063
14.51472	2017/08/17	Europe/Malta	good	Valletta	35.89972
11.18709	02 Apr 2023	Europe/Berlin	excellent	Neuburg an der Donau	48.73218
-72.22625	2022/12/09	America/Port-au-Prince	acceptable	Croix-des-Bouquets	18.57677
102.05461	2018/05/06	Asia/Bangkok	acceptable	Tak Bai	6.25947
6.51352	2020/03/26	Europe/Berlin	excellent	Korschenbroich	51.19139
-52.20639	2016-05-30	America/Santarem	acceptable	Altamira	-3.20333
122.08333	2024/11/07	Asia/Shanghai	excellent	Ulanhot	46.08333
-77.02303	10/05/2016, 00:00:00	America/New_York	good	Fort Washington	38.70734
8.61839	2019/08/18	Europe/Berlin	excellent	Bensheim	49.68369
103.81667	2020-12-14	Asia/Kuala_Lumpur	good	Ulu Tiram	1.6
100.24529	2021-10-31	Asia/Kuala_Lumpur	good	Batu Feringgi	5.4709
38.01667	28 Apr 2017	Africa/Dar_es_Salaam	acceptable	Chanika	-5.41667
144.09638	2016/05/09	Asia/Tokyo	good	Motomachi	43.82634
9.29109	11/26/2017, 00:00:00	Europe/Rome	good	San Giuliano Milanese	45.39402
-89.10944	2016-09-18	America/El_Salvador	good	Ilopango	13.70167
-82.46148	29 May 2016	America/New_York	good	Lutz	28.15112
128.62667	07/06/2016, 00:00:00	Asia/Seoul	good	Sinhyeon	34.8825
98.50893	07/17/2024, 00:00:00	Asia/Yangon	acceptable	Myawadi	16.68911
15.28318	05/29/2022, 00:00:00	Africa/Brazzaville	good	Brazzaville	-4.26613
-67.33122	2024/10/26	America/Caracas	maintenance	La Victoria	10.22677
11.18709	06 Jan 2021	Europe/Berlin	good	Neuburg an der Donau	48.73218
-120.00865	2019/12/08	America/Los_Angeles	good	Sunnyside	46.32374
16.91667	03 Apr 2020	Africa/Windhoek	excellent	Okahandja	-21.98333
-95.36969	2023-03-21	America/Chicago	good	Muskogee	35.74788
-81.24441	2021/07/06	America/Havana	good	Varadero	23.15678
-73.9625	2016/09/10	America/New_York	acceptable	Morningside Heights	40.81
120.03308	06/19/2025, 00:00:00	Asia/Shanghai	good	Guli	28.88162
75.92694	2023/06/10	Asia/Kolkata	good	Davangere	14.46693
-61.4867	2022-12-29	America/Argentina/Cordoba	excellent	Rafaela	-31.25033
-77.70066	2023/04/10	America/New_York	good	Gates-North Gates	43.16547
51.3452	2016-03-18	Europe/Samara	maintenance	Otradnyy	53.37596
-78.04471	01/03/2020, 00:00:00	America/New_York	acceptable	Leland	34.25628
-0.29825	05/06/2022, 00:00:00	Europe/London	excellent	Surbiton	51.39148
-72.22625	16 Aug 2016	America/Port-au-Prince	acceptable	Croix-des-Bouquets	18.57677
-0.18333	2017-08-10	Europe/Madrid	good	Gandia	38.96667
-77.43532	2024-02-04	America/Havana	excellent	Media Luna	20.14298
86.00214	2022-06-12	Asia/Urumqi	maintenance	Hoxtolgay	46.51872
-82.4017	08 Dec 2017	America/Havana	excellent	Boyeros	23.0072
13.373637	30 May 2017	Europe/Prague	good	Plzeň	49.738430
123.758	2020/01/10	Asia/Manila	acceptable	Naga	10.20898
4.21372	12/24/2017, 00:00:00	Europe/Brussels	good	Temse	51.12794
13.31783	26 Feb 2025	Europe/Berlin	excellent	Hermsdorf	52.61131
34.34691	2022-07-12	Europe/Moscow	excellent	Petrozavodsk	61.78491
-9.24671	2024/03/13	Europe/Lisbon	good	Carnaxide	38.72706
128.9889	2018/10/22	Asia/Seoul	good	T’aebaek	37.1759
20.22625	08 Mar 2017	Africa/Tripoli	good	Ajdabiya	30.75545
-53.13722	24 Sep 2018	America/Sao_Paulo	good	Loanda	-22.92306
9.32241	11/15/2020, 00:00:00	Europe/Rome	maintenance	Chiavari	44.31771
86.79271	2020/06/01	Asia/Kolkata	acceptable	Madhipura	25.92127
-5.53715	2020/12/20	Europe/London	good	Penzance	50.11861
117.59152	12/30/2019, 00:00:00	Asia/Makassar	excellent	Tarakan	3.31332
88.28637	2019/07/01	Asia/Kolkata	acceptable	Pandua	23.07492
139.07204	10/09/2022, 00:00:00	Asia/Tokyo	acceptable	Fujioka	36.24624
-86.58208	2018-05-18	America/Managua	acceptable	Somoto	13.48082
46.5813	07 Dec 2019	Europe/Moscow	excellent	Alatyr’	54.8421
137.95378	2019-02-22	Asia/Tokyo	excellent	Ina	35.82756
17.58522	2016-05-09	Europe/Rome	good	Francavilla Fontana	40.53123
151.08057	11 Sep 2021	Australia/Sydney	excellent	Eastwood	-33.79176
120.56528	07/17/2016, 00:00:00	Asia/Manila	excellent	Pilar	14.66
51.49621	06/06/2018, 00:00:00	Asia/Tehran	good	Nowshahr	36.64852
-84.67837	2016-02-14	America/New_York	good	Acworth	34.06635
77.656	10/17/2021, 00:00:00	Asia/Kolkata	good	Pilkhua	28.71271
-77.03116	01/19/2021, 00:00:00	America/Bogota	good	Buenaventura	3.8801
122.22833	11/27/2016, 00:00:00	Asia/Shanghai	excellent	Yingkou	40.66482
-1.29772	23 Feb 2017	Europe/London	excellent	Cowes	50.76306
37.73333	2020/08/09	Africa/Dar_es_Salaam	excellent	Same	-4.06667
70.91106	07/18/2024, 00:00:00	Asia/Karachi	excellent	Alipur	29.38242
78.14797	2023/03/02	Asia/Kolkata	good	Betamcherla	15.45144
-97.50417	27 Sep 2020	America/Matamoros	good	Heroica Matamoros	25.87972
24.75	2022/09/22	Europe/Vilnius	excellent	Ukmerge	55.25
-88.3162	04/12/2021, 00:00:00	America/Chicago	good	Crystal Lake	42.24113
-7.35	10/09/2015, 00:00:00	Europe/Dublin	good	An Muileann gCearr	53.53333
146.05093	11/16/2018, 00:00:00	Australia/Sydney	excellent	Griffith	-34.28853
115.88782	09/15/2023, 00:00:00	Australia/Perth	excellent	Willetton	-32.05251
-102.36764	06/02/2021, 00:00:00	America/Chicago	excellent	Odessa	31.84568
7.973	07/23/2016, 00:00:00	Europe/Berlin	acceptable	Finnentrop	51.168
105.75635	2024-12-24	Asia/Ho_Chi_Minh	excellent	Sa Dec	10.29085
18.84	2021-10-02	Europe/Podgorica	good	Budva	42.28639
48.87498	05/07/2024, 00:00:00	Asia/Baku	excellent	Astara	38.45598
-71.05977	28 Jan 2025	America/New_York	good	Boston	42.35843
113.69785	05/18/2021, 00:00:00	Asia/Jakarta	good	Besuki	-7.73379
5.37429	2016/03/23	Europe/Brussels	good	Houthalen	51.03427
-69.96533	03/08/2025, 00:00:00	America/New_York	acceptable	Brunswick	43.91452
88.28637	2020-04-19	Asia/Kolkata	good	Pandua	23.07492
-75.87877	2020-02-03	America/Bogota	good	Andes	5.6561
4.69889	04/17/2018, 00:00:00	Europe/Brussels	excellent	Gembloux	50.56149
8.55552	06/17/2018, 00:00:00	Europe/Rome	good	Sassari	40.72586
-88.27205	2022/12/14	America/Chicago	excellent	Kaukauna	44.27804
10.18003	2016-04-02	Africa/Tripoli	good	Ghat	24.96334
14.01481	08/15/2022, 00:00:00	Europe/Rome	good	Roseto degli Abruzzi	42.67164
33.2525	13 Apr 2016	Europe/Moscow	excellent	Valday	57.97472
-68.30472	2017/10/15	America/Caracas	good	Tinaquillo	9.91861
86.51499	2017-10-05	Asia/Kolkata	excellent	Kenda	23.1959
-15.58602	16 Feb 2016	Atlantic/Canary	excellent	Maspalomas	27.76056
-2.98333	2024-08-17	Europe/London	good	Poulton-le-Fylde	53.83333
2.08333	2020-10-18	Europe/Paris	excellent	Marly-le-Roi	48.86667
-122.23484	2025-01-28	America/Los_Angeles	maintenance	Kent	47.38093
10.18003	06/19/2017, 00:00:00	Africa/Tripoli	excellent	Ghat	24.96334
2.29275	24 Jan 2024	Europe/Paris	good	Fontenay-aux-Roses	48.79325
79.883	2020-11-13	Asia/Colombo	excellent	Hendala	6.9909
178.00417	03 Sep 2016	Pacific/Auckland	excellent	Gisborne	-38.65333
73.38333	2021/07/27	Asia/Karachi	excellent	Sangla Hill	31.71667
-91.11667	06/29/2022, 00:00:00	America/Guatemala	excellent	Chichicastenango	14.93333
39.8302	07 Oct 2024	Europe/Moscow	good	Severodvinsk	64.5635
130.57211	04/09/2019, 00:00:00	Asia/Shanghai	good	Boli	45.75279
30.38167	2021/04/27	Europe/Moscow	good	Shushary	59.80917
140.73667	2018-05-30	Asia/Tokyo	excellent	Hakodate	41.77583
7.36027	14 Jul 2017	Europe/Berlin	good	Radevormwald	51.20219
7.11393	2016-09-28	Europe/Berlin	good	Burscheid	51.08468
84.63445	2020/09/28	Asia/Kolkata	good	Rafiganj	24.81757
73.38333	2017/01/31	Asia/Karachi	acceptable	Sangla Hill	31.71667
-75.69947	18 Apr 2017	America/Bogota	good	San Carlos	8.79577
91.61356	27 May 2020	Asia/Kolkata	acceptable	Rangia	26.44931
85.83636	2020/11/14	Asia/Kolkata	good	Dalsingh Sarai	25.66795
-38.79084	12 Apr 2024	America/Bahia	good	Tucano	-10.95817
-1.60452	2025-04-21	Europe/Madrid	good	Tudela	42.06166
16.50104	2024/02/24	Europe/Rome	maintenance	Bisceglie	41.24264
-113.3187	2019-04-17	America/Edmonton	good	Sherwood Park	53.51684
-97.92977	2024/05/28	America/Chicago	good	Hutchinson	38.06084
-58.70072	2020/11/13	America/Argentina/Buenos_Aires	excellent	Pontevedra	-34.74785
-13.68778	08/22/2019, 00:00:00	Africa/Conakry	good	Camayenne	9.535
-49.27306	11/28/2018, 00:00:00	America/Sao_Paulo	good	Curitiba	-25.42778
130.94098	12/31/2022, 00:00:00	Asia/Tokyo	excellent	Hita	33.3213
11.04979	2023/02/19	Europe/Rome	excellent	Castelfranco Emilia	44.59445
-121.75689	12 Feb 2016	America/Los_Angeles	excellent	Watsonville	36.91023
2.45012	10 Jun 2018	Europe/Paris	acceptable	Bobigny	48.90982
22.53083	2021-09-05	Europe/Belgrade	excellent	Negotin	44.22639
14.51472	2019/08/06	Europe/Malta	good	Valletta	35.89972
5.51978	2022-03-30	Europe/Amsterdam	maintenance	Tongelre	51.44889
-6.00137	2025/08/28	Africa/Casablanca	excellent	Oulmes	33.42585
83.97573	10/20/2016, 00:00:00	Asia/Kolkata	excellent	Sambalpur	21.46527
68.75915	09/09/2019, 00:00:00	Asia/Karachi	good	Khairpur Mir’s	27.52948
-111.78903	02/19/2025, 00:00:00	America/Phoenix	good	Gilbert	33.35283
4.62744	11/16/2021, 00:00:00	Africa/Algiers	excellent	El Achir	36.06386
-97.03285	2021-09-24	America/Chicago	excellent	Grand Forks	47.92526
-120.43572	2018-10-08	America/Los_Angeles	excellent	Santa Maria	34.95303
-88.3162	07/04/2020, 00:00:00	America/Chicago	excellent	Crystal Lake	42.24113
123.89071	2018-10-17	Asia/Manila	acceptable	Cebu City	10.31672
6.10237	2020-02-29	Europe/Zurich	good	Onex	46.18396
26.01649	2019/02/13	Europe/Bucharest	acceptable	Sector 6	44.43579
124.3697	2016/02/14	Asia/Manila	good	Jagna	9.6531
24.99798	08/04/2023, 00:00:00	Africa/Lubumbashi	good	Kamina	-8.73508
168.31366	2021-07-05	Pacific/Efate	acceptable	Port-Vila	-17.73648
5.22778	05/06/2017, 00:00:00	Europe/Amsterdam	acceptable	Culemborg	51.955
-96.67834	2016/12/12	America/Chicago	acceptable	Ada	34.77453
-1.48119	2025-02-09	Europe/London	acceptable	Belper	53.0233
75.16878	01 Mar 2023	Asia/Kolkata	good	Moga	30.81383
116.10146	07 Aug 2016	Asia/Kuching	acceptable	Donggongon	5.90702
13.32127	12/07/2020, 00:00:00	Europe/Berlin	excellent	Wittenau	52.59319
7.973	04/18/2018, 00:00:00	Europe/Berlin	acceptable	Finnentrop	51.168
139.07204	2018-04-20	Asia/Tokyo	excellent	Fujioka	36.24624
18.30056	2024-12-03	Europe/Warsaw	maintenance	Strzelce Opolskie	50.5107
9.32241	28 Oct 2023	Europe/Rome	good	Chiavari	44.31771
-73.89125	15 Jun 2017	America/New_York	good	Cypress Hills	40.67705
7.11393	2025-01-07	Europe/Berlin	excellent	Burscheid	51.08468
127.08472	27 Sep 2020	Asia/Seoul	good	Nonsan	36.20389
125.51176	02/21/2018, 00:00:00	Asia/Shanghai	good	Dongfeng	42.64031
-119.0376	01/23/2023, 00:00:00	America/Los_Angeles	good	Camarillo	34.21639
129.96972	2017/07/31	Asia/Tokyo	good	Karatsu	33.4425
30.4347	2025/04/16	Africa/Kigali	good	Rwamagana	-1.9487
-120.00865	05/13/2021, 00:00:00	America/Los_Angeles	acceptable	Sunnyside	46.32374
-2.68333	15 Aug 2024	Europe/Madrid	good	Gernika-Lumo	43.31667
25.8191	09/28/2023, 00:00:00	Europe/Minsk	excellent	Novogrudok	53.5942
137.4	18 Jul 2021	Asia/Tokyo	maintenance	Toyokawa	34.81667
30.96755	03/03/2016, 00:00:00	Europe/Kyiv	acceptable	Zvenihorodka	49.07866
136.51667	2021/04/24	Asia/Tokyo	good	Komono	35
-80.58556	24 Jul 2024	America/Havana	good	Corralillo	22.98212
92.48278	18 Jul 2018	Asia/Krasnoyarsk	acceptable	Lesosibirsk	58.23583
-2.68333	09/28/2018, 00:00:00	Europe/Madrid	good	Gernika-Lumo	43.31667
-84.20299	2022-02-22	America/New_York	good	Lebanon	39.43534
77.54372	2022/09/03	Asia/Kolkata	acceptable	Periyakulam	10.12268
-91.73625	29 Mar 2017	America/Chicago	good	Searcy	35.25064
71.21169	19 Jun 2019	Asia/Kolkata	excellent	Amreli	21.59983
29.00974	2024/05/25	Africa/Johannesburg	good	Mokopane	-24.19436
-1.06667	2018/04/28	Europe/London	good	Selby	53.78333
43.83992	03/03/2022, 00:00:00	Europe/Moscow	acceptable	Arzamas	55.39485
-58.70072	2020/11/27	America/Argentina/Buenos_Aires	good	Pontevedra	-34.74785
38.07083	17 Aug 2023	Europe/Moscow	excellent	Stupino	54.90083
-94.41551	20 Apr 2019	America/Chicago	excellent	Independence	39.09112
-1.99421	2020/06/27	Europe/London	good	Devizes	51.35084
1.6	11 Apr 2022	Europe/Paris	acceptable	Pamiers	43.11667
117.27583	04/14/2016, 00:00:00	Asia/Shanghai	excellent	Sishui	35.64889
88.28637	06 Feb 2025	Asia/Kolkata	good	Pandua	23.07492
35.96944	10/16/2021, 00:00:00	Europe/Moscow	good	Volokolamsk	56.03361
-75.64963	2017/12/29	America/New_York	acceptable	Pottstown	40.24537
36.25361	2022/05/14	Europe/Zaporozhye	excellent	Polohy	47.48444
9.47629	16 Nov 2019	Europe/Berlin	good	Stade	53.59337
-6.90656	10/23/2024, 00:00:00	Africa/Casablanca	maintenance	Temara	33.92866
4.7934	14 Aug 2016	Europe/Paris	good	Saint-Genis-Laval	45.69558
7.11393	2025-06-07	Europe/Berlin	good	Burscheid	51.08468
-97.92977	2020/09/18	America/Chicago	good	Hutchinson	38.06084
123.89071	15 Aug 2025	Asia/Manila	good	Cebu City	10.31672
-3.05	2022-06-02	Europe/London	excellent	Blackpool	53.81667
-73.25383	2021-11-09	America/Lima	excellent	Iquitos	-3.74912
152.70493	01/14/2025, 00:00:00	Australia/Brisbane	excellent	Maryborough	-25.54073
136.13108	17 Jul 2022	Asia/Tokyo	good	Ueno-ebisumachi	34.75856
86.68363	08/09/2019, 00:00:00	Asia/Kolkata	good	Adra	23.49668
-86.99666	2016/08/14	America/Chicago	maintenance	Hueytown	33.45122
53.47103	01 Sep 2020	Asia/Yekaterinburg	good	Oktyabr’skiy	54.48147
78.25795	12/06/2015, 00:00:00	Asia/Kolkata	good	Tiruppuvanam	9.82564
8.55552	02/18/2023, 00:00:00	Europe/Rome	excellent	Sassari	40.72586
-116.21677	2023-10-18	America/Los_Angeles	acceptable	Indio	33.7207
104.64992	07/21/2021, 00:00:00	Asia/Bangkok	good	Kantharalak	14.64056
-98.11889	2017-11-28	America/Mexico_City	acceptable	Casa Blanca	19.04222
2.35739	2023-07-15	Europe/Madrid	excellent	Cardedeu	41.63976
5.4384	2025-01-06	Europe/Paris	acceptable	Marseille 11	43.2907
0.47713	06/14/2016, 00:00:00	Europe/London	excellent	Strood	51.39323
-120.00865	11/27/2024, 00:00:00	America/Los_Angeles	good	Sunnyside	46.32374
2.2469	24 Aug 2017	Europe/Paris	acceptable	La Garenne-Colombes	48.90472
77.40858	22 Jul 2017	Asia/Kolkata	excellent	Leteri	24.05979
12.19458	2021-07-22	Africa/Lagos	good	Biu	10.61285
-50.19556	09/03/2022, 00:00:00	America/Sao_Paulo	good	Iturama	-19.72806
123.758	23 Aug 2020	Asia/Manila	excellent	Naga	10.20898
-76.72803	2020-09-27	America/New_York	excellent	Woodlawn	39.32288
-41.45861	2017-10-27	America/Fortaleza	excellent	Pedro II	-4.42472
-80.58556	2025/08/29	America/Havana	acceptable	Corralillo	22.98212
-4.10734	2024/09/27	Europe/Madrid	good	Puertollano	38.68712
8.61839	20 Nov 2021	Europe/Berlin	good	Bensheim	49.68369
-0.91979	2018/07/23	Europe/London	excellent	Lower Earley	51.42708
139.07204	03 Sep 2023	Asia/Tokyo	good	Fujioka	36.24624
77.54372	2016-06-17	Asia/Kolkata	excellent	Periyakulam	10.12268
110.8405	2018/10/19	Asia/Jakarta	good	Kudus	-6.8048
-52.35558	2021-02-28	America/Cuiaba	good	Nova Xavantina	-14.66463
4.18333	15 Sep 2022	Africa/Lagos	excellent	Olupona	7.6
17.58522	2019-11-22	Europe/Rome	good	Francavilla Fontana	40.53123
9.85	2020-08-14	Europe/Berlin	excellent	Halstenbek	53.63333
139.07204	2017/05/02	Asia/Tokyo	good	Fujioka	36.24624
-87.93341	24 May 2021	America/Chicago	excellent	Pleasant Prairie	42.55308
86.68363	2018-10-05	Asia/Kolkata	good	Adra	23.49668
37.00438	2024-10-28	Africa/Dar_es_Salaam	good	Kidodi	-7.60361
126.835	2022/12/15	Asia/Seoul	excellent	Goyang-si	37.65639
14.150558	2020/10/04	Europe/Prague	excellent	Terezín	50.511002
41.00817	07 Oct 2019	Europe/Istanbul	good	Silvan	38.13708
113.13148	11/08/2020, 00:00:00	Asia/Shanghai	good	Foshan	23.02677
24.99798	10/16/2024, 00:00:00	Africa/Lubumbashi	maintenance	Kamina	-8.73508
-68.30472	2017/05/15	America/Caracas	acceptable	Tinaquillo	9.91861
-94.74049	02/14/2024, 00:00:00	America/Chicago	excellent	Longview	32.5007
-77.43532	21 Aug 2016	America/Havana	excellent	Media Luna	20.14298
4.52529	2025/03/06	Europe/Brussels	acceptable	Rixensart	50.71229
-68.30472	2022/08/08	America/Caracas	good	Tinaquillo	9.91861
-48.62789	01/28/2018, 00:00:00	America/Sao_Paulo	good	Caldas Novas	-17.74431
-43.80139	2024/07/05	America/Sao_Paulo	excellent	Itabirito	-20.25333
46.58333	05 May 2023	Indian/Antananarivo	good	Ikalamavony	-21.15
135.31667	11/30/2018, 00:00:00	Asia/Tokyo	good	Iwade	34.25
-79.62098	2022/05/05	America/Panama	excellent	Chilibre	9.15093
-60.1831	27 Feb 2024	America/Glace_Bay	good	Sydney	46.1351
-52.2	03/03/2024, 00:00:00	America/Sao_Paulo	good	Marau	-28.44917
74.12286	26 Feb 2020	Asia/Karachi	good	Kanganpur	30.76468
111.73861	10/27/2017, 00:00:00	Asia/Shanghai	good	Changzhi	35.20889
60.70278	17 Nov 2018	Asia/Yekaterinburg	maintenance	Ozersk	55.75556
-111.78903	10 Jun 2020	America/Phoenix	good	Gilbert	33.35283
71.57737	08/22/2021, 00:00:00	Asia/Kolkata	acceptable	Gariadhar	21.53889
117.4831	10/29/2017, 00:00:00	Asia/Shanghai	good	Shaowu	27.34089
97.01124	29 Apr 2022	Asia/Yangon	good	Kyaikto	17.30858
84.13864	2021/07/23	Asia/Kolkata	maintenance	Jashpurnagar	22.88783
-82.4017	26 Feb 2016	America/Havana	good	Boyeros	23.0072
-1.47217	2019-09-20	Europe/London	good	Chapletown	53.46506
-87.93341	11/02/2015, 00:00:00	America/Chicago	excellent	Pleasant Prairie	42.55308
18.69303	10/04/2019, 00:00:00	Africa/Ndjamena	good	Mongo	12.18441
-2.12139	07/10/2017, 00:00:00	Europe/London	good	Brierley Hill	52.48173
34.37389	06/09/2022, 00:00:00	Europe/Istanbul	acceptable	Sungurlu	40.1675
-75.69947	2022/08/10	America/Bogota	excellent	San Carlos	8.79577
37.00438	27 Feb 2018	Africa/Dar_es_Salaam	excellent	Kidodi	-7.60361
-71.19901	21 Oct 2021	America/Santiago	excellent	Ovalle	-30.60106
-77.02303	04/17/2020, 00:00:00	America/New_York	excellent	Fort Washington	38.70734
4.62744	19 Feb 2021	Africa/Algiers	good	El Achir	36.06386
-73.99681	25 Jan 2018	America/New_York	good	Dumont	40.94065
31.3237	2023/12/28	Europe/Minsk	good	Dobrush	52.4089
-38.79084	2025/01/10	America/Bahia	good	Tucano	-10.95817
19.61222	2021-07-07	Europe/Belgrade	excellent	Sremska Mitrovica	44.97639
85.4265	2023/01/18	Asia/Novokuznetsk	excellent	Yashkino	55.8736
89.20083	2016-03-21	Asia/Krasnoyarsk	good	Sharypovo	55.54028
-7.35	03 Dec 2018	Europe/Dublin	excellent	An Muileann gCearr	53.53333
98.19151	05/23/2017, 00:00:00	Asia/Yangon	acceptable	Dawei	14.0823
-78.04471	2019-08-20	America/New_York	excellent	Leland	34.25628
-42.29444	2022/08/04	America/Fortaleza	good	Barras	-4.24444
-7.32097	2015-12-22	Europe/Lisbon	excellent	Custoias	41.1053
38.01667	04/01/2019, 00:00:00	Africa/Addis_Ababa	excellent	Debre Tabor	11.85
-1.29243	18 May 2016	Europe/London	excellent	Mexborough	53.49389
123.99333	2023/12/02	Asia/Manila	good	Sorsogon	12.97389
-81.79819	2024-11-15	America/New_York	good	Lakewood	41.48199
-104.83192	09 Feb 2021	America/Denver	good	Aurora	39.72943
12.70038	2017/04/20	Europe/Rome	good	Cordenons	45.9836
-56.52361	06/29/2017, 00:00:00	America/Montevideo	good	Durazno	-33.38056
10.18003	2017-03-09	Africa/Tripoli	maintenance	Ghat	24.96334
-63.13414	10 Dec 2020	America/Halifax	acceptable	Charlottetown	46.23899
35.59642	01/20/2021, 00:00:00	Africa/Nairobi	good	Lodwar	3.11988
31.3237	2016/03/21	Europe/Minsk	good	Dobrush	52.4089
-74.26419	10/24/2023, 00:00:00	America/Bogota	good	Madrid	4.73245
-0.29825	2017-03-01	Europe/London	good	Surbiton	51.39148
46.10925	2017-11-13	Europe/Moscow	acceptable	Gudermes	43.35071
43.2379	02/22/2024, 00:00:00	Europe/Volgograd	good	Mikhaylovka	50.06
59.80222	25 Mar 2021	Asia/Yekaterinburg	acceptable	Lesnoy	58.63667
-86.19903	2017/04/16	America/Managua	good	Jinotepe	11.84962
34.37389	22 Nov 2015	Europe/Istanbul	excellent	Sungurlu	40.1675
-85.76942	18 Jul 2016	America/Indiana/Indianapolis	maintenance	Greenfield	39.78504
59.6	2019/02/02	Asia/Aqtobe	maintenance	Shalqar	47.83333
-58.38341	2018-11-18	America/Argentina/Buenos_Aires	good	Barracas	-34.64966
-86.77917	2020/11/22	America/Chicago	excellent	Brentwood Estates	36.02506
34.37389	20 Aug 2023	Europe/Istanbul	excellent	Sungurlu	40.1675
-13.68778	05/03/2018, 00:00:00	Africa/Conakry	maintenance	Camayenne	9.535
14.51472	09/05/2017, 00:00:00	Europe/Malta	excellent	Valletta	35.89972
17.250879	01 Feb 2017	Europe/Prague	good	Olomouc	49.593777
-73.9625	2015/11/17	America/New_York	good	Morningside Heights	40.81
8.88104	11/05/2020, 00:00:00	Europe/Rome	excellent	Malnate	45.79377
-74.73584	2022-08-09	America/Bogota	excellent	Honda	5.20856
-48.29694	2022/04/16	America/Sao_Paulo	excellent	Viradouro	-20.87306
2.29275	2022-10-24	Europe/Paris	good	Fontenay-aux-Roses	48.79325
-73.26022	2020/03/17	America/Bogota	acceptable	Socorro	6.46838
11.04979	2016-03-29	Europe/Rome	excellent	Castelfranco Emilia	44.59445
121.96361	23 Jul 2018	Asia/Manila	excellent	Recodo	6.95194
-77.02303	2019/02/18	America/New_York	acceptable	Fort Washington	38.70734
123.89071	11 Apr 2020	Asia/Manila	good	Cebu City	10.31672
8.86704	12/28/2021, 00:00:00	Europe/Berlin	excellent	Nidderau	50.23805
13.44275	01/07/2017, 00:00:00	Europe/Rome	acceptable	Villabate	38.07789
-105.11221	02/27/2024, 00:00:00	America/Denver	good	Ken Caryl	39.57582
-0.18333	2017-08-26	Europe/Madrid	good	Gandia	38.96667
-87.66561	21 Jun 2019	America/Chicago	good	Lower West Side	41.8542
15.87735	08 Apr 2025	Africa/Bangui	good	Carnot	4.94273
-2.12139	12 Sep 2016	Europe/London	good	Brierley Hill	52.48173
-71.10077	02 Jan 2018	America/Santo_Domingo	acceptable	Santa Cruz de Barahona	18.20854
5.37429	2025/01/12	Europe/Brussels	acceptable	Houthalen	51.03427
-8.53778	2020/07/11	Africa/Monrovia	good	New Yekepa	7.57944
-25.66689	2016/11/08	Atlantic/Azores	maintenance	Ponta Delgada	37.74615
-80.22588	2016/12/17	America/New_York	acceptable	North Lauderdale	26.2173
110.8405	2022-01-22	Asia/Jakarta	acceptable	Kudus	-6.8048
120.97844	2025-03-26	Asia/Manila	excellent	Guyong	14.8361
20.91361	21 Jan 2020	Europe/Skopje	good	Bogovinje	41.92361
13.610242	2021-04-29	Europe/Prague	good	Litvínov	50.598427
88.18466	2021/11/03	Asia/Kolkata	good	Diamond Harbour	22.19303
10.03988	2016-03-02	Europe/Berlin	good	Barmbek-Nord	53.6052
12.70038	2022-03-21	Europe/Rome	excellent	Cordenons	45.9836
-1.32471	09/14/2018, 00:00:00	Europe/London	good	Newbury	51.40148
13.29371	2024/10/21	Europe/Berlin	excellent	Charlottenburg-Nord	52.53048
3.55665	2024-10-13	Africa/Algiers	good	Thenia	36.72544
17.80774	12/01/2018, 00:00:00	Europe/Rome	excellent	Mesagne	40.55851
2.1699	21 Dec 2022	Europe/Paris	excellent	Herblay	48.98994
115.70111	02/16/2019, 00:00:00	Asia/Shanghai	good	Hengshui	37.73222
91.84128	03/03/2022, 00:00:00	Asia/Dhaka	good	Manikchari	22.83957
77.40858	2021/07/28	Asia/Kolkata	good	Leteri	24.05979
-53.13722	23 Oct 2024	America/Sao_Paulo	acceptable	Loanda	-22.92306
76.56719	2024-06-09	Asia/Kolkata	acceptable	Aklera	24.41288
109.3243	13 Jan 2023	Asia/Jakarta	good	Randudongkal	-7.0981
150.60036	08/27/2025, 00:00:00	Australia/Sydney	excellent	Nowra	-34.88422
-76.51552	2023-12-25	America/New_York	good	Rosedale	39.32011
-120.93549	2019/11/10	America/Los_Angeles	good	Riverbank	37.73604
13.63617	01/12/2023, 00:00:00	Europe/Prague	good	Most	50.50301
37.73333	2021/12/28	Africa/Dar_es_Salaam	good	Same	-4.06667
-86.99666	2023/08/20	America/Chicago	good	Hueytown	33.45122
33.9162	2019-03-24	Europe/Kyiv	good	Hlukhiv	51.67822
18.30056	05 May 2025	Europe/Warsaw	good	Strzelce Opolskie	50.5107
-84.23381	17 Aug 2025	America/New_York	good	Stockbridge	33.54428
30.38167	2016-05-10	Europe/Moscow	acceptable	Shushary	59.80917
-120.43572	2024/01/09	America/Los_Angeles	good	Santa Maria	34.95303
36.25361	02 Aug 2024	Europe/Zaporozhye	good	Polohy	47.48444
24.71204	09/12/2025, 00:00:00	Europe/Sofia	acceptable	Smolyan	41.57439
4.21372	2025-09-19	Europe/Brussels	good	Temse	51.12794
-13.2356	18 Apr 2021	Africa/Freetown	good	Freetown	8.48714
-72.97261	2024/08/06	America/New_York	acceptable	Rutland	43.61062
-93.12577	2025-05-16	America/Chicago	excellent	Rosemount	44.73941
-116.97725	25 Jun 2017	America/Los_Angeles	good	Beaumont	33.92946
45.36561	2016/08/03	Asia/Baku	acceptable	Qazax	41.09246
-75.60804	2017/11/02	America/New_York	excellent	West Chester	39.96097
-75.69947	11/17/2021, 00:00:00	America/Bogota	excellent	San Carlos	8.79577
144.23058	2016/04/22	Pacific/Port_Moresby	excellent	Mount Hagen	-5.85746
-103.5687	14 Nov 2018	America/Mexico_City	acceptable	Zacoalco de Torres	20.22816
-77.4286	2016/08/06	America/New_York	maintenance	Sterling	39.00622
136.61667	2023-11-06	Asia/Tokyo	good	Nonoichi	36.53333
15.16554	18 Aug 2024	Africa/Kinshasa	good	Kasangulu	-4.5833
33.34864	17 Apr 2019	Europe/Kyiv	good	Nova Kakhovka	46.75451
15.87735	12 Jul 2025	Africa/Bangui	excellent	Carnot	4.94273
24.99798	10/10/2018, 00:00:00	Africa/Lubumbashi	excellent	Kamina	-8.73508
-116.37697	08/07/2024, 00:00:00	America/Los_Angeles	good	Palm Desert	33.72255
75.11937	09/19/2025, 00:00:00	Asia/Kolkata	good	Parola	20.88098
79.5286	2016/09/21	Asia/Kolkata	good	Haldwani	29.22254
98.50893	11/16/2016, 00:00:00	Asia/Yangon	excellent	Myawadi	16.68911
123.62494	01/24/2021, 00:00:00	Asia/Manila	good	Masbate	12.37169
74.85849	2024-06-13	Asia/Kolkata	good	Patti	31.28092
-52.20639	11/03/2019, 00:00:00	America/Santarem	excellent	Altamira	-3.20333
10.58082	2024/01/16	Africa/Tunis	maintenance	Msaken	35.72917
-82.42491	2017-11-03	America/Detroit	excellent	Port Huron	42.97086
76.0586	2024/12/30	Asia/Kolkata	good	Hungund	16.06213
5.2875	2015/09/25	Europe/Amsterdam	good	Vught	51.65333
91.61356	09/28/2017, 00:00:00	Asia/Kolkata	excellent	Rangia	26.44931
-86.19903	2017/10/07	America/Managua	acceptable	Jinotepe	11.84962
-77.43532	2020-05-28	America/Havana	good	Media Luna	20.14298
117.65694	09/28/2015, 00:00:00	Asia/Shanghai	good	Laiwu	36.19278
2.1699	2024-02-07	Europe/Paris	excellent	Herblay	48.98994
-93.71133	10/19/2018, 00:00:00	America/Chicago	good	West Des Moines	41.57721
85.37752	2018/04/01	Asia/Kolkata	good	Barbil	22.10194
8.86374	2017/10/03	Europe/Rome	acceptable	Tortona	44.89784
39.8302	2024/11/04	Europe/Moscow	good	Severodvinsk	64.5635
44.7662	16 Oct 2015	Asia/Yerevan	good	Hrazdan	40.49748
7.973	2022-04-03	Europe/Berlin	good	Finnentrop	51.168
-71.06616	2016-10-11	America/New_York	good	Malden	42.4251
-81.23621	05/23/2023, 00:00:00	America/New_York	excellent	Lexington	33.98154
6.92917	2016/09/26	Europe/Amsterdam	excellent	Oldenzaal	52.31333
9.72749	2021/03/07	Europe/Berlin	excellent	Ehingen	48.28259
-73.81669	2024-03-09	America/Toronto	good	Pointe-Claire	45.44868
75.96976	2020/07/08	Asia/Kolkata	good	Gajendragarh	15.73628
-113.3187	2024/02/20	America/Edmonton	good	Sherwood Park	53.51684
-25.66689	2017-02-15	Atlantic/Azores	excellent	Ponta Delgada	37.74615
145.13643	2018-06-14	Australia/Melbourne	excellent	Frankston South	-38.16604
89.20083	11 Mar 2022	Asia/Krasnoyarsk	good	Sharypovo	55.54028
-1.08593	2018-05-13	Europe/London	excellent	Southsea	50.79205
77.9129	26 Jan 2016	Asia/Kolkata	acceptable	Narwar	25.6439
-84.23381	02 May 2018	America/New_York	good	Stockbridge	33.54428
-96.72365	2020-07-15	America/Mexico_City	excellent	Oaxaca	17.06542
97.01124	14 Jul 2025	Asia/Yangon	acceptable	Kyaikto	17.30858
39.85331	15 Dec 2020	Europe/Moscow	good	Gavrilov-Yam	57.30185
75.11937	2018-09-21	Asia/Kolkata	good	Parola	20.88098
-99.32556	2024/08/28	America/Mexico_City	good	San Lorenzo Acopilco	19.32889
10.30215	09/02/2016, 00:00:00	Europe/Berlin	acceptable	Bad Segeberg	53.94313
2.29026	2023-04-12	Europe/Paris	good	Sceaux	48.77644
12.6723	2021-03-01	Europe/Rome	good	Ariccia	41.72063
-74.96933	12/30/2015, 00:00:00	America/New_York	good	Sicklerville	39.71734
5.4384	05/01/2021, 00:00:00	Europe/Paris	good	Marseille 11	43.2907
138.89585	2019-10-31	Asia/Tokyo	good	Annaka	36.33011
-38.79084	06/19/2022, 00:00:00	America/Bahia	excellent	Tucano	-10.95817
-79.00453	2022/02/02	America/Guayaquil	excellent	Cuenca	-2.90055
-97.50417	2024-01-13	America/Matamoros	good	Heroica Matamoros	25.87972
-119.01677	09/07/2023, 00:00:00	America/Los_Angeles	good	Porterville	36.06523
-5.53715	20 Jul 2023	Europe/London	good	Penzance	50.11861
121.12251	2021-01-15	Asia/Manila	good	Antipolo	14.62578
-1.325	03/09/2017, 00:00:00	Europe/Madrid	good	Jumilla	38.47917
4.25633	2020/03/22	Europe/Brussels	good	Beveren	51.21187
122.20488	2020/09/05	Asia/Shanghai	good	Zhoushan	29.98869
122.20488	12/26/2024, 00:00:00	Asia/Shanghai	excellent	Zhoushan	29.98869
5.03586	27 Dec 2023	Europe/Paris	acceptable	Cavaillon	43.83125
120.14278	2017/08/10	Asia/Shanghai	excellent	Jiangyan	32.50611
76.0586	17 Sep 2018	Asia/Kolkata	good	Hungund	16.06213
37.3825	2024/12/11	Europe/Istanbul	excellent	Gaziantep	37.05944
75.37991	28 Apr 2019	Asia/Kolkata	good	Deoli	25.75728
37.3825	05/07/2018, 00:00:00	Europe/Istanbul	excellent	Gaziantep	37.05944
-2.31938	06/23/2020, 00:00:00	Africa/Accra	good	Bibiani	6.46346
-47.1725	2019/02/20	America/Sao_Paulo	good	Artur Nogueira	-22.57306
-73.58248	04/12/2021, 00:00:00	America/Toronto	excellent	Sainte-Catherine	45.40008
17.10558	07/06/2021, 00:00:00	Europe/Stockholm	good	Hudiksvall	61.72744
118.53333	2022-12-08	Asia/Shanghai	good	Pucheng	27.92333
18.69303	2022-12-25	Africa/Ndjamena	good	Mongo	12.18441
-4.1	2020-09-18	Europe/Paris	good	Quimper	48
25.8191	24 Feb 2017	Europe/Minsk	good	Novogrudok	53.5942
-63.13414	2019-04-23	America/Halifax	good	Charlottetown	46.23899
78.23456	08/15/2021, 00:00:00	Asia/Kolkata	maintenance	Bachhraon	28.92694
117.59152	03 Jan 2025	Asia/Makassar	good	Tarakan	3.31332
-88.31476	07/10/2020, 00:00:00	America/Chicago	acceptable	Murray	36.61033
121.06761	26 Feb 2019	Asia/Manila	good	San Jose	12.35275
25.8191	2024/04/20	Europe/Minsk	excellent	Novogrudok	53.5942
-97.54667	2015-10-16	America/Chicago	good	Hutto	30.5427
123.33471	2025-03-04	Asia/Manila	good	Dipolog	8.56697
11.34046	2024-02-13	Europe/Berlin	excellent	Rudolstadt	50.72043
-73.99681	07/30/2022, 00:00:00	America/New_York	excellent	Dumont	40.94065
-98.15529	2016/12/20	America/Chicago	excellent	San Juan	26.18924
-121.75689	2020/01/13	America/Los_Angeles	good	Watsonville	36.91023
-88.70464	2021/09/17	America/Chicago	acceptable	Tupelo	34.25807
4.08282	10 Jan 2018	Africa/Algiers	excellent	Beni Douala	36.61954
118.53333	2019/01/15	Asia/Shanghai	excellent	Pucheng	27.92333
-1.99421	2017/03/29	Europe/London	good	Devizes	51.35084
24.75	03/10/2016, 00:00:00	Europe/Vilnius	good	Ukmerge	55.25
38.01667	2017-05-04	Africa/Addis_Ababa	acceptable	Debre Tabor	11.85
-71.05977	09/28/2021, 00:00:00	America/New_York	acceptable	Boston	42.35843
34.02537	06/03/2017, 00:00:00	Europe/Istanbul	acceptable	Aksaray	38.37255
-73.20483	06/07/2018, 00:00:00	America/New_York	good	Bridgeport	41.16704
-77.96389	2024-02-22	America/New_York	excellent	Martinsburg	39.45621
-2.77259	2024-03-23	Europe/Madrid	excellent	Baza	37.49073
112.23109	31 Mar 2025	Asia/Jakarta	excellent	Diwek	-7.57897
-1.325	2016-07-19	Europe/Madrid	excellent	Jumilla	38.47917
-91.77127	18 Dec 2020	America/Chicago	acceptable	Rolla	37.95143
85.4265	2021/05/25	Asia/Novokuznetsk	excellent	Yashkino	55.8736
107.60627	08/08/2018, 00:00:00	Asia/Irkutsk	acceptable	Ulan-Ude	51.82721
30.38167	15 May 2016	Europe/Moscow	excellent	Shushary	59.80917
9.20427	2019-04-25	Europe/Berlin	good	Reutlingen	48.49144
112.23109	12 Oct 2016	Asia/Jakarta	good	Diwek	-7.57897
5.51978	03/30/2023, 00:00:00	Europe/Amsterdam	excellent	Tongelre	51.44889
99.95469	2017-01-20	Asia/Bangkok	good	Damnoen Saduak	13.51825
124.3697	15 Dec 2017	Asia/Manila	acceptable	Jagna	9.6531
4.21372	2022/03/09	Europe/Brussels	excellent	Temse	51.12794
-80.58556	2020-01-13	America/Havana	acceptable	Corralillo	22.98212
-99.32556	2019-06-14	America/Mexico_City	excellent	San Lorenzo Acopilco	19.32889
-78.87836	2015-12-17	America/New_York	good	Fayetteville	35.05266
23.225	2025/03/23	Europe/Sofia	excellent	Montana	43.4125
152.70493	2023/01/06	Australia/Brisbane	good	Maryborough	-25.54073
7.2278	07/15/2023, 00:00:00	Europe/Berlin	good	Bad Honnef	50.64336
8.55552	05/14/2019, 00:00:00	Europe/Rome	excellent	Sassari	40.72586
10.03988	2021/06/10	Europe/Berlin	acceptable	Barmbek-Nord	53.6052
-72.27814	14 Jan 2023	America/New_York	acceptable	Keene	42.93369
85.83636	23 Apr 2022	Asia/Kolkata	good	Dalsingh Sarai	25.66795
16.91667	2023/01/24	Africa/Windhoek	good	Okahandja	-21.98333
0.75	08/17/2024, 00:00:00	Europe/London	good	Thetford	52.41667
112.23109	2017-07-05	Asia/Jakarta	excellent	Diwek	-7.57897
69.01354	2020-10-19	Asia/Dushanbe	good	Vahdat	38.55632
122.05228	10/09/2020, 00:00:00	Asia/Shanghai	acceptable	Tianfu	37.19723
-156.47432	05 Jan 2020	Pacific/Honolulu	maintenance	Kahului	20.88953
9.72749	2021/04/13	Europe/Berlin	good	Ehingen	48.28259
104.1451	2019-07-09	Asia/Bangkok	excellent	Yasothon	15.79408
9.32241	2021/12/19	Europe/Rome	good	Chiavari	44.31771
122.74754	07/11/2023, 00:00:00	Asia/Shanghai	excellent	Haicheng	40.85158
-41.45861	13 Nov 2020	America/Fortaleza	good	Pedro II	-4.42472
26.97253	2016/01/12	Europe/Kyiv	good	Krasyliv	49.65186
3.16667	03 Mar 2016	Europe/Brussels	good	Wevelgem	50.8
37.73333	09 Oct 2018	Africa/Dar_es_Salaam	good	Same	-4.06667
76.12647	2016-02-17	Asia/Kolkata	good	Chamba	32.55531
2.1699	2023-08-18	Europe/Paris	acceptable	Herblay	48.98994
8.2926	2020/03/04	Africa/Lagos	good	Kafanchan	9.58126
28.28489	2023/05/08	Europe/Chisinau	acceptable	Soroca	48.15659
-25.66689	2023-02-20	Atlantic/Azores	acceptable	Ponta Delgada	37.74615
-94.74049	11/14/2018, 00:00:00	America/Chicago	excellent	Longview	32.5007
3.16667	2024-08-23	Europe/Brussels	good	Wevelgem	50.8
42.54536	03/26/2020, 00:00:00	Africa/Mogadishu	acceptable	Kismayo	-0.35817
42.85693	10/26/2020, 00:00:00	Europe/Istanbul	good	Patnos	39.22493
2.31889	2016/10/05	Africa/Algiers	good	Ksar Chellala	35.21222
109.3243	2025/05/08	Asia/Jakarta	good	Randudongkal	-7.0981
4.86667	2020/10/06	Europe/Paris	good	Vienne	45.51667
6.83042	2023-11-25	Africa/Lagos	excellent	Nkpor	6.15038
-46.99583	2018-10-22	America/Sao_Paulo	acceptable	Valinhos	-22.97056
30.96755	19 Apr 2021	Europe/Kyiv	good	Zvenihorodka	49.07866
16.54165	2025-02-05	Europe/Oslo	acceptable	Harstad	68.79833
73.38333	2019/02/24	Asia/Karachi	good	Sangla Hill	31.71667
-94.41551	06/24/2023, 00:00:00	America/Chicago	excellent	Independence	39.09112
2.61667	04 Nov 2019	Europe/Paris	good	Mitry-Mory	48.98333
137.4	02/19/2019, 00:00:00	Asia/Tokyo	excellent	Toyokawa	34.81667
41.77921	07 Nov 2021	Asia/Tbilisi	good	Kobuleti	41.82143
25.34244	2017/09/04	Europe/Kyiv	excellent	Lutsk	50.75932
98.50893	01/18/2022, 00:00:00	Asia/Yangon	maintenance	Myawadi	16.68911
117.7	23 Feb 2025	Asia/Shanghai	acceptable	Dongdu	35.85
13.610242	2017/08/04	Europe/Prague	acceptable	Litvínov	50.598427
-117.23991	2017-12-15	America/Los_Angeles	excellent	Opportunity	47.64995
25.34244	2024-03-10	Europe/Kyiv	good	Lutsk	50.75932
-82.32483	05/29/2023, 00:00:00	America/New_York	good	Gainesville	29.65163
-84.67837	12/18/2022, 00:00:00	America/New_York	good	Acworth	34.06635
-84.50855	23 Aug 2020	America/New_York	good	Covington	39.08367
29.00974	2023/10/18	Africa/Johannesburg	good	Mokopane	-24.19436
13.44275	2020-01-05	Europe/Rome	good	Villabate	38.07789
-88.42814	04/17/2023, 00:00:00	America/Chicago	excellent	Huntley	42.16808
69.01354	2024/02/12	Asia/Dushanbe	good	Vahdat	38.55632
-73.25383	2023-10-16	America/Lima	good	Iquitos	-3.74912
7.973	2021/05/07	Europe/Berlin	excellent	Finnentrop	51.168
137.02166	2025/04/05	Asia/Tokyo	excellent	Minokamo	35.48199
-89.71472	12/27/2016, 00:00:00	America/El_Salvador	good	Sonzacate	13.73417
-75.11028	2022-12-10	America/Lima	good	Minas de Marcona	-15.21194
9.32241	2021-02-11	Europe/Rome	good	Chiavari	44.31771
36.73307	05/18/2019, 00:00:00	Europe/Moscow	excellent	Naro-Fominsk	55.38752
7.973	2022/07/16	Europe/Berlin	acceptable	Finnentrop	51.168
17.80774	2025/07/11	Europe/Rome	good	Mesagne	40.55851
123.33471	2015/12/27	Asia/Manila	good	Dipolog	8.56697
77.656	2016/06/02	Asia/Kolkata	good	Pilkhua	28.71271
8.64409	11/13/2020, 00:00:00	Europe/Berlin	good	Trossingen	48.07667
120.4861	04 Jul 2023	Asia/Manila	maintenance	Manaoag	16.0438
124.3697	06/22/2018, 00:00:00	Asia/Manila	acceptable	Jagna	9.6531
-25.66689	2020-05-03	Atlantic/Azores	good	Ponta Delgada	37.74615
116.11768	2020-09-11	Asia/Shanghai	acceptable	Meizhou	24.28859
77.70636	2020-03-27	Asia/Kolkata	good	Meerut	28.98002
